{"m1": 3.1559651, "m2": 11.1911221, "reason": ""}