Time,FPR
0,0.0
1,0.0
2,0.0
3,0.01
4,0.0
5,0.0
6,0.0
7,0.01
8,0.02
9,0.03
10,0.010101010101010102
11,0.0
12,0.01
13,0.03
14,0.03
15,0.02
16,0.01
17,0.02
18,0.03
19,0.04
20,0.02
21,0.03
22,0.02
23,0.03
24,0.03
25,0.06060606060606061
26,0.07
27,0.04
28,0.06
29,0.04
